time,heat_target,temperature_feed,temperature_return,pressure_feed,pressure_return
2019-01-01 00:00:00,-1e6,95.0, 60., 9., 10.
2019-01-11 00:00:00,-1e6,95.0, 60., 9., 10.
2019-01-21 00:00:00,-1e6,95.0, 60., 9., 10.
2019-01-31 00:00:00,-1e4,95.0, 60., 9., 10.
2019-02-10 00:00:00,-1e4,95.0, 60., 9., 10.
2019-02-20 00:00:00,-1e4,95.0, 60., 9., 10.
2019-03-02 00:00:00,-1e4,95.0, 60., 9., 10.
2019-03-12 00:00:00,-1e4,95.0, 60., 9., 10.
2019-03-22 00:00:00,-1e4,95.0, 60., 9., 10.
2019-04-01 00:00:00,-1e4,95.0, 60., 9., 10.
